{
  "person": {
    "precision": 0.7111613876319759,
    "recall": 0.7270624518118736,
    "f1-score": 0.7190240182996569,
    "support": 1297.0
  },
  "dog": {
    "precision": 0.6078431372549019,
    "recall": 0.36904761904761907,
    "f1-score": 0.45925925925925926,
    "support": 84.0
  },
  "car": {
    "precision": 0.4875,
    "recall": 0.4642857142857143,
    "f1-score": 0.47560975609756095,
    "support": 252.0
  },
  "bicycle": {
    "precision": 0.5882352941176471,
    "recall": 0.14492753623188406,
    "f1-score": 0.23255813953488372,
    "support": 69.0
  },
  "cell phone": {
    "precision": 0.3508771929824561,
    "recall": 0.19047619047619047,
    "f1-score": 0.24691358024691357,
    "support": 105.0
  },
  "laptop": {
    "precision": 0.6666666666666666,
    "recall": 0.35,
    "f1-score": 0.45901639344262296,
    "support": 80.0
  },
  "micro avg": {
    "precision": 0.6630121177149452,
    "recall": 0.6089030206677265,
    "f1-score": 0.6348066298342542,
    "support": 1887.0
  },
  "macro avg": {
    "precision": 0.5687139464422747,
    "recall": 0.37429991864221357,
    "f1-score": 0.4320635244801496,
    "support": 1887.0
  },
  "weighted avg": {
    "precision": 0.6502643440268644,
    "recall": 0.6089030206677265,
    "f1-score": 0.6198724626805833,
    "support": 1887.0
  },
  "samples avg": {
    "precision": 0.4520842604954754,
    "recall": 0.42871977451416704,
    "f1-score": 0.4304405874499332,
    "support": 1887.0
  }
}