{
  "person": {
    "precision": 0.6747638326585695,
    "recall": 0.693721817551162,
    "f1-score": 0.6841115101761587,
    "support": 2883.0
  },
  "dog": {
    "precision": 0.577639751552795,
    "recall": 0.45588235294117646,
    "f1-score": 0.5095890410958904,
    "support": 204.0
  },
  "car": {
    "precision": 0.5275590551181102,
    "recall": 0.24677716390423574,
    "f1-score": 0.33626097867001253,
    "support": 543.0
  },
  "bicycle": {
    "precision": 0.6666666666666666,
    "recall": 0.10884353741496598,
    "f1-score": 0.1871345029239766,
    "support": 147.0
  },
  "cell phone": {
    "precision": 0.6086956521739131,
    "recall": 0.06481481481481481,
    "f1-score": 0.11715481171548117,
    "support": 216.0
  },
  "laptop": {
    "precision": 0.6293103448275862,
    "recall": 0.42196531791907516,
    "f1-score": 0.5051903114186851,
    "support": 173.0
  },
  "micro avg": {
    "precision": 0.6578204404291361,
    "recall": 0.5592894863178108,
    "f1-score": 0.604566683964712,
    "support": 4166.0
  },
  "macro avg": {
    "precision": 0.6141058838329402,
    "recall": 0.33200083409090503,
    "f1-score": 0.38990685933336744,
    "support": 4166.0
  },
  "weighted avg": {
    "precision": 0.6452223130881656,
    "recall": 0.5592894863178108,
    "f1-score": 0.5758644970655413,
    "support": 4166.0
  },
  "samples avg": {
    "precision": 0.3906881422468537,
    "recall": 0.3463947581110726,
    "f1-score": 0.3598198822306893,
    "support": 4166.0
  }
}